profile,company,location,stipend,duration,application Link
Ruby Software Developer,Peach,Bangalore,"₹ 30,000 /month",6,https://internshala.com//internship/details/ruby-software-developer-internship-in-bangalore-at-peach1716528014
Java Development,CODTECH IT SOLUTIONS PRIVATE LIMITED,Work from home,"₹ 1,000 /month",2,https://internshala.com//internship/details/work-from-home-java-development-internship-at-codtech-it-solutions-private-limited1716526980
Backend Development,Flint Merchandising LLP,Delhi,"₹ 3,000 /month",3,https://internshala.com//internship/details/backend-development-internship-in-delhi-at-flint-merchandising-llp1716523425
PHP Development,Dakshith Technologies,Gurgaon,"₹ 10,000-12,000 /month",6,https://internshala.com//internship/details/php-development-internship-in-gurgaon-at-dakshith-technologies1716496086
Web Development,MentorBoxx,Work from home,"₹ 20,000 /month",1,https://internshala.com//internship/details/work-from-home-part-time-web-development-internship-at-mentorboxx1716473507
Web Development,T.I.M.E Education,Ahmedabad,"₹ 4,000-6,000 /month",1,https://internshala.com//internship/details/web-development-internship-in-ahmedabad-at-time-education1716469988
Node.js Development,Across The Globe (ATG),Work from home,"₹ 2,500 /month +  Incentives",6,https://internshala.com//internship/details/work-from-home-part-time-nodejs-development-internship-at-across-the-globe-atg1716469585
Web Development,Digimindss,Work from home,"₹ 10,000 /month +  Incentives",3,https://internshala.com//internship/details/work-from-home-web-development-internship-at-digimindss1716463663
Reactjs Development,Close Digit LLP,Ahmedabad,"₹ 3,000-5,000 /month",6,https://internshala.com//internship/details/reactjs-development-internship-in-ahmedabad-at-close-digit-llp1716463240
WordPress Development,DiziGroww,Work from home,"₹ 2,000-5,000 /month",4,https://internshala.com//internship/details/work-from-home-part-time-wordpress-development-internship-at-dizigroww1716461909
WordPress Developer,The Learn Cloud,Work from home,"₹ 5,000 /month",6,https://internshala.com//internship/details/work-from-home-part-time-wordpress-developer-internship-at-the-learn-cloud1716457971
Front End Development,Worko.ai,Work from home,"₹ 3,000 /month +  Incentives",6,https://internshala.com//internship/details/work-from-home-front-end-development-internship-at-workoai1716457524
Backend Development,Worko.ai,Work from home,"₹ 3,000 /month +  Incentives",6,https://internshala.com//internship/details/work-from-home-backend-development-internship-at-workoai1716457504
Node.js Development,Wellfounded IT Solution Private Limited,"Indore, Jabalpur","₹ 5,000 /month",3,https://internshala.com//internship/details/nodejs-development-internship-in-multiple-locations-at-wellfounded-it-solution-private-limited1716447855
Python Development,Bamigos,Delhi,"₹ 11,000 /month",2,https://internshala.com//internship/details/python-development-internship-in-delhi-at-bamigos1716455040
Chrome Extension And Next.js Development,Solocl,Work from home,"₹ 10,000 /month +  Incentives",2,https://internshala.com//internship/details/work-from-home-part-time-chrome-extension-and-nextjs-development-internship-at-solocl1716454792
"Python Developer With Good Hands On API Development, Flask, FastAPI.",Arthalab Solutions,Work from home,"₹ 3,500 /month",3,https://internshala.com//internship/details/work-from-home-python-developer-with-good-hands-on-api-development-flask-fastapi-internship-at-arthalab-solutions1716454200
Full Stack Development,PiSence Technologies LLP,Chennai,"₹ 5,000 /month +  Incentives",5,https://internshala.com//internship/details/full-stack-development-internship-in-chennai-at-pisence-technologies-llp1716452494
PHP Development,Bytive Technologies Private Limited,"Noida, Greater Noida, Delhi","₹ 2,000 /month",6,https://internshala.com//internship/details/php-development-internship-in-multiple-locations-at-bytive-technologies-private-limited1716445252
Python Development,Indietoga,Delhi,"₹ 15,000-20,000 /month",3,https://internshala.com//internship/details/python-development-internship-in-delhi-at-indietoga1716450976
PHP Development (WordPress),Chirpn IT Solutions,Work from home,"₹ 6,000 /month",6,https://internshala.com//internship/details/work-from-home-php-development-wordpress-internship-at-chirpn-it-solutions1716448358
Front End Development,OCPL Tech (Opulentia Cresco Private Limited),Delhi,"₹ 10,000 /month",3,https://internshala.com//internship/details/front-end-development-internship-in-delhi-at-ocpl-tech-opulentia-cresco-private-limited1716447961
Flutter Development,Coding Junior,Work from home,"₹ 15,000 /month",6,https://internshala.com//internship/details/work-from-home-flutter-development-internship-at-coding-junior1716447387
WordPress Development,EVKhoj,Work from home,"₹ 4,500 /month",1,https://internshala.com//internship/details/work-from-home-wordpress-development-internship-at-evkhoj1716444732
Reactjs Development,Across The Globe (ATG),Work from home,"₹ 2,500 /month +  Incentives",6,https://internshala.com//internship/details/work-from-home-part-time-reactjs-development-internship-at-across-the-globe-atg1716443610
Python Development,Warewe Consultancy Private Limited,Gurgaon,"₹ 10,000-12,000 /month",2,https://internshala.com//internship/details/python-development-internship-in-gurgaon-at-warewe-consultancy-private-limited1716441586
WordPress Development,Blackcoffer,Work from home,"₹ 5,000-7,000 /month",6,https://internshala.com//internship/details/work-from-home-wordpress-development-internship-at-blackcoffer1716400334
Web Development,Chatcells,Work from home,"₹ 8,000 /month",3,https://internshala.com//internship/details/work-from-home-part-time-web-development-internship-at-chatcells1716382418
Reactjs Development,IWebcode,Mohali,"₹ 8,000 /month",6,https://internshala.com//internship/details/reactjs-development-internship-in-mohali-at-iwebcode1716373915
WordPress Development,Confluencr,Bangalore,"₹ 15,000 /month",3,https://internshala.com//internship/details/wordpress-development-internship-in-bangalore-at-confluencr1716380554
Frontend Developer Intern,Quantazone Software Private Limited,Work from home,"₹ 7,500 /month",2,https://internshala.com//internship/details/work-from-home-frontend-developer-intern-internship-at-quantazone-software-private-limited1716379979
"WordPress, ReactJS, NoCode Platforms Design & Development",Polygon Pixels LLP,"Mumbai, Ahmedabad, Navi Mumbai, Bangalore, Pune","₹ 6,000-12,000 /month",3,https://internshala.com//internship/details/wordpress-reactjs-nocode-platforms-design-development-internship-in-multiple-locations-at-polygon-pixels-llp1716379735
PHP Development,OyeLabs,Work from home,"₹ 5,000-10,000 /month",6,https://internshala.com//internship/details/work-from-home-php-development-internship-at-oyelabs1716378300
Flutter Development,OyeLabs,Work from home,"₹ 5,000-9,000 /month",6,https://internshala.com//internship/details/work-from-home-flutter-development-internship-at-oyelabs1716378240
Reactjs Development,OyeLabs,Work from home,"₹ 5,000-10,000 /month",6,https://internshala.com//internship/details/work-from-home-reactjs-development-internship-at-oyelabs1716378214
Web Development,Youth Ki Awaz Newspaper,"Bareilly, Udaipur","₹ 3,000 /month",2,https://internshala.com//internship/details/web-development-internship-in-multiple-locations-at-youth-ki-awaz-newspaper1716377911
Front End Development,DataChannel Technologies,Work from home,"₹ 15,000 /month",3,https://internshala.com//internship/details/work-from-home-front-end-development-internship-at-datachannel-technologies1716376900
React/Node.js Web/UI Developer,Dendrite.ai,Work from home,"₹ 5,000-15,000 /month",6,https://internshala.com//internship/details/work-from-home-part-time-react-nodejs-web-ui-developer-internship-at-dendriteai1716376544
Web Development,Vedlogy Learnings Private Limited,Dehradun,"₹ 5,000 /month",3,https://internshala.com//internship/details/web-development-internship-in-dehradun-at-vedlogy-learnings-private-limited1716376325
Front End Development,TRATA SOFTWARE,Chennai,"₹ 35,000 /month",2,https://internshala.com//internship/details/front-end-development-internship-in-chennai-at-trata-software1716376031
Core Backend Development,Weframe Tech,Work from home,"₹ 5,000-12,000 /month",6,https://internshala.com//internship/details/work-from-home-core-backend-development-internship-at-weframe-tech1716375622
WordPress Development,Cloudbloom,Bangalore,"₹ 10,000 /month",3,https://internshala.com//internship/details/part-time-wordpress-development-internship-in-bangalore-at-cloudbloom1716374559
WordPress Development,Grivaa Consultancy Services,Work from home,"₹ 5,000-10,000 /month",2,https://internshala.com//internship/details/work-from-home-part-time-wordpress-development-internship-at-grivaa-consultancy-services1716374086
Web Development,Mechons Industries,Work from home,"₹ 5,000 /month",2,https://internshala.com//internship/details/work-from-home-web-development-internship-at-mechons-industries1716370158
Information Technology,Brain Wave AI Solutions,Work from home,"₹ 5,500 /month",6,https://internshala.com//internship/details/work-from-home-information-technology-internship-at-brain-wave-ai-solutions1716368578
Full Stack Development,Anmol Industries Limited,Kolkata,"₹ 10,000 /month",6,https://internshala.com//internship/details/full-stack-development-internship-in-kolkata-at-anmol-industries-limited1716367463
Backend Development,Webknot Technologies Private Limited,Bangalore,"₹ 10,000-20,000 /month",3,https://internshala.com//internship/details/backend-development-internship-in-bangalore-at-webknot-technologies-private-limited1716362748
PHP Development,Spirant Communication Pvt Ltd,Noida,"₹ 2,000-3,000 /month",3,https://internshala.com//internship/details/php-development-internship-in-noida-at-spirant-communication-pvt-ltd1716362950
Front End Development,Mugs,Work from home,"₹ 10,000 /month",2,https://internshala.com//internship/details/work-from-home-front-end-development-internship-at-mugs1716362104
Flutter Development,Idea Usher,Work from home,"₹ 10,000-15,000 /month",6,https://internshala.com//internship/details/work-from-home-flutter-development-internship-at-idea-usher1716360412
Asp.net Development,WOODESY,Work from home,"₹ 4,000 /month",3,https://internshala.com//internship/details/work-from-home-aspnet-development-internship-at-woodesy1716358311
Full Stack Development,Teevro,Work from home,"₹ 3,000-5,000 /month",2,https://internshala.com//internship/details/work-from-home-full-stack-development-internship-at-teevro1716357079
WordPress Development,Bunny Bash Events & Rentals,Bangalore,"₹ 7,000-10,000 /month",2,https://internshala.com//internship/details/part-time-wordpress-development-internship-in-bangalore-at-bunny-bash-events-rentals1716356299
Full Stack Web Development Mentor,DevTown,Work from home,"₹ 40,000 /month",6,https://internshala.com//internship/details/work-from-home-part-time-full-stack-web-development-mentor-internship-at-devtown1716356081
Front End Developer - Intern,DevTown,Work from home,"₹ 10,000 /month",6,https://internshala.com//internship/details/work-from-home-front-end-developer-intern-internship-at-devtown1716355749
Web Development & E-Commerce Inventory Management,Cycling Boutique Incorporation,Bangalore,"₹ 8,000 /month",6,https://internshala.com//internship/details/web-development-e-commerce-inventory-management-internship-in-bangalore-at-cycling-boutique-incorporation1716354859
Flutter Development,Blackcoffer,Work from home,"₹ 5,000 /month",6,https://internshala.com//internship/details/work-from-home-flutter-development-internship-at-blackcoffer1716354072
PHP Backend Development,Coding Junior,Work from home,"₹ 15,000 /month",6,https://internshala.com//internship/details/work-from-home-php-backend-development-internship-at-coding-junior1716299001
Front End Development,Allianz Exports,Work from home,"₹ 10,000-15,000 /month",2,https://internshala.com//internship/details/work-from-home-front-end-development-internship-at-allianz-exports1716297316
Web Designing,Stirring Minds,Delhi,"₹ 6,000-10,000 /month",6,https://internshala.com//internship/details/web-designing-internship-in-delhi-at-stirring-minds1716292170
Full Stack Development,Labsmart Healthcare Technologies,"Bangalore, Koramangala","₹ 20,000-30,000 /month",6,https://internshala.com//internship/details/full-stack-development-internship-in-multiple-locations-at-labsmart-healthcare-technologies1716289548
WordPress Development,Digipsum,Sonipat,"₹ 3,000 /month",3,https://internshala.com//internship/details/wordpress-development-internship-in-sonipat-at-digipsum1716289229
Trainee Engineer,Rizzle,Hyderabad,"₹ 15,000 /month",3,https://internshala.com//internship/details/trainee-engineer-internship-in-hyderabad-at-rizzle1716288637
Full Stack Development,Wizda,Bangalore,"₹ 10,000 /month",2,https://internshala.com//internship/details/full-stack-development-internship-in-bangalore-at-wizda1716287029
Python Development,Comfit And Valves Private Limited,Ahmedabad,"₹ 5,000 /month +  Incentives",6,https://internshala.com//internship/details/python-development-internship-in-ahmedabad-at-comfit-and-valves-private-limited1716284924
WordPress Development,Funnels Traffic,Work from home,"₹ 10,000-12,000 /month",3,https://internshala.com//internship/details/work-from-home-wordpress-development-internship-at-funnels-traffic1716271361
WordPress Development,Mantra Yoga And Meditation School,Work from home,"₹ 3,500 /month",6,https://internshala.com//internship/details/work-from-home-wordpress-development-internship-at-mantra-yoga-and-meditation-school1716270694
Backend Development,ValuQo Services Private Limited,Gurgaon,"₹ 6,000-10,000 /month",2,https://internshala.com//internship/details/backend-development-internship-in-gurgaon-at-valuqo-services-private-limited1716270381
WordPress Development,Library Of The World,Work from home,"₹ 10,000 /month",3,https://internshala.com//internship/details/work-from-home-wordpress-development-internship-at-library-of-the-world1716268389
E Commerce Web App Development Using React JS And Node JS,MyMegaminds,Work from home,"₹ 10,000 /month",6,https://internshala.com//internship/details/work-from-home-e-commerce-web-app-development-using-react-js-and-node-js-internship-at-mymegaminds1716266020
WordPress Development,Bunny Bash Events & Rentals,Work from home,"₹ 5,000-7,000 /month",1,https://internshala.com//internship/details/work-from-home-part-time-wordpress-development-internship-at-bunny-bash-events-rentals1716264081
Flutter Development,Zarity Health,Work from home,"₹ 20,000 /month",3,https://internshala.com//internship/details/work-from-home-flutter-development-internship-at-zarity-health1716219014
WordPress Development,SUMDRAGROFOODS LLP,Work from home,"₹ 3,000 /month",3,https://internshala.com//internship/details/work-from-home-wordpress-development-internship-at-sumdragrofoods-llp1716211216
PHP Laravel,Across The Globe (ATG),Work from home,"₹ 2,500 /month +  Incentives",6,https://internshala.com//internship/details/work-from-home-part-time-php-laravel-internship-at-across-the-globe-atg1716212750
Backend Development,Alemeno,Work from home,"₹ 20,000-25,000 /month",3,https://internshala.com//internship/details/work-from-home-backend-development-internship-at-alemeno1716209005
Python Development,Bilateral Solutions Private Limited,Mandi,"₹ 10,000 /month",6,https://internshala.com//internship/details/python-development-internship-in-mandi-at-bilateral-solutions-private-limited1716208135
React Native Developer,Webknot Technologies Private Limited,Bangalore,"₹ 10,000-20,000 /month",3,https://internshala.com//internship/details/react-native-developer-internship-in-bangalore-at-webknot-technologies-private-limited1716203828
WordPress Development,Yellowfin Gears,Work from home,"₹ 6,000 /month +  Incentives",6,https://internshala.com//internship/details/work-from-home-part-time-wordpress-development-internship-at-yellowfin-gears1716202462
Backend Development,ReachInbox.ai,Bangalore,"₹ 30,000 /month",6,https://internshala.com//internship/details/backend-development-internship-in-bangalore-at-reachinboxai1716201221
Signal Processing For Advanced Antenna Systems,Husoro Enterprises LLP,Work from home,"₹ 1,500 /month",4,https://internshala.com//internship/details/work-from-home-part-time-signal-processing-for-advanced-antenna-systems-internship-at-husoro-enterprises-llp1716200738
Flutter Development,Wellmo Services OPC Private Limited,"Delhi, Gurgaon","₹ 7,000 /month",2,https://internshala.com//internship/details/part-time-flutter-development-internship-in-multiple-locations-at-wellmo-services-opc-private-limited1716197720
Web Development,Myla Organics,Work from home,"₹ 3,000 /month",1,https://internshala.com//internship/details/work-from-home-part-time-web-development-internship-at-myla-organics1716194511
Full Stack Development,Systemic Altruism,Work from home,"₹ 12,500 /month",3,https://internshala.com//internship/details/work-from-home-full-stack-development-internship-at-systemic-altruism1716194146
React Native,1Millions Entrepreneurs International Forum,Ahmedabad,"₹ 5,000 /month",2,https://internshala.com//internship/details/react-native-internship-in-ahmedabad-at-1millions-entrepreneurs-international-forum1716193927
Systems Developer (MIS),Prache Khade,Mumbai,"₹ 10,000 /month +  Incentives",3,https://internshala.com//internship/details/systems-developer-mis-internship-in-mumbai-at-prache-khade1716190836
Flutter Developer,Luneblaze,Faridabad,"₹ 8,000 /month",6,https://internshala.com//internship/details/flutter-developer-internship-in-faridabad-at-luneblaze1716190574
Web Development,Webmobi,Work from home,"₹ 2,500 /month",4,https://internshala.com//internship/details/work-from-home-part-time-web-development-internship-at-webmobi1716188464
Flutter Development,Ostello India Private Limited,Work from home,"₹ 8,000-15,000 /month",4,https://internshala.com//internship/details/work-from-home-flutter-development-internship-at-ostello-india-private-limited1716136631
Full Stack Development,Techvolt Software Private Limited,"Thanjavur, Theni, Tiruchendur, Tiruppur, Pondicherry, Karaikudi, Pollachi, Kanyakumari, Madurai, Tirunelveli, Nagercoil, Erode, Karur, Coimbatore, Tenkasi","₹ 3,000 /month",2,https://internshala.com//internship/details/full-stack-development-internship-in-multiple-locations-at-techvolt-software-private-limited1716133309
Web Development,Techvolt Software Private Limited,"Sathyamangalam, Gobichettipalayam, Mettupalayam, Attur, Salem, Thoothukudi, Tiruchirappalli, Palakkad, Sivakasi, Tirunelveli, Virudhunagar, Tiruchengode, Coimbatore, Erode","₹ 3,000 /month",1,https://internshala.com//internship/details/web-development-internship-in-multiple-locations-at-techvolt-software-private-limited1716133247
Flutter - Social Chat Developer,Systemic Altruism,Work from home,"₹ 12,500 /month",3,https://internshala.com//internship/details/work-from-home-flutter-social-chat-developer-internship-at-systemic-altruism1716118570
Web Browser Game Development (Javascript),Systemic Altruism,Work from home,"₹ 8,000-12,500 /month",3,https://internshala.com//internship/details/work-from-home-web-browser-game-development-javascript-internship-at-systemic-altruism1716118328
Webflow,Systemic Altruism,Work from home,"₹ 12,500 /month",3,https://internshala.com//internship/details/work-from-home-webflow-internship-at-systemic-altruism1716108826
Backend Developer (NextJS And Typescript),Quizzy,Work from home,"₹ 40,000 /month",6,https://internshala.com//internship/details/work-from-home-backend-developer-nextjs-and-typescript-internship-at-quizzy1716108664
Wix Website Development,PatilKaki,Work from home,"₹ 5,000 /month",3,https://internshala.com//internship/details/work-from-home-wix-website-development-internship-at-patilkaki1716107523
Python Tutor,Triluxo Technologies Private Limited,Work from home,"₹ 300-1,000 /week",6,https://internshala.com//internship/details/work-from-home-part-time-python-tutor-internship-at-triluxo-technologies-private-limited1716094517
WordPress Development,"Constructive Solutions, Inc.",Work from home,"₹ 7,000 /month",1,https://internshala.com//internship/details/work-from-home-wordpress-development-internship-at-constructive-solutions-inc1716092988
Python & Prompt Engineering,ODN Digital Services Private Limited,Delhi,"₹ 5,000-10,000 /month",3,https://internshala.com//internship/details/python-prompt-engineering-internship-in-delhi-at-odn-digital-services-private-limited1716038858
Blockchain Development,Buddha Education Association Incorporation,Work from home,"₹ 18,000 /month",2,https://internshala.com//internship/details/work-from-home-blockchain-development-internship-at-buddha-education-association-incorporation1716037798
Web Development,Buddha Education Association Incorporation,Work from home,"₹ 10,000 /month",1,https://internshala.com//internship/details/work-from-home-part-time-web-development-internship-at-buddha-education-association-incorporation1716037744
PHP Development,SmartCookie,Pune,"₹ 2,000 /month",6,https://internshala.com//internship/details/php-development-internship-in-pune-at-smartcookie1716028300
NEXT.Js Developer,Ayurveda House Private Limited,Delhi,"₹ 15,000-20,000 /month",6,https://internshala.com//internship/details/nextjs-developer-internship-in-delhi-at-ayurveda-house-private-limited1716027362
Front End Development,Medius Technologies Private Limited,Work from home,"₹ 8,000 /month",6,https://internshala.com//internship/details/work-from-home-front-end-development-internship-at-medius-technologies-private-limited1716025890
WordPress Development,Chimaya,Meerut,"₹ 5,000 /month",3,https://internshala.com//internship/details/wordpress-development-internship-in-meerut-at-chimaya1716020911
WordPress Development,Webalar,Work from home,"₹ 4,500 /month",6,https://internshala.com//internship/details/work-from-home-wordpress-development-internship-at-webalar1716020735
Front End Development,Medius Technologies Private Limited,Work from home,"₹ 8,000 /month",6,https://internshala.com//internship/details/work-from-home-front-end-development-internship-at-medius-technologies-private-limited1716009142
Full Stack Development,EazyGrad,Delhi,"₹ 10,000-12,000 /month",6,https://internshala.com//internship/details/full-stack-development-internship-in-delhi-at-eazygrad1716008777
React Developer,WiJungle - by HttpCart,Gurgaon,"₹ 30,000 /month",4,https://internshala.com//internship/details/react-developer-internship-in-gurgaon-at-wijungle-by-httpcart1716002851
Blockchain Development,Gateway Software Solutions,"Chennai, Coimbatore, Madurai","₹ 3,000 /month +  Incentives",6,https://internshala.com//internship/details/blockchain-development-internship-in-multiple-locations-at-gateway-software-solutions1715949409
Reactjs Development,Webknot Technologies Private Limited,Bangalore,"₹ 10,000-20,000 /month",3,https://internshala.com//internship/details/reactjs-development-internship-in-bangalore-at-webknot-technologies-private-limited1715947349
Angular.js Development,Gateway Software Solutions,"Chennai, Coimbatore, Madurai","₹ 3,000 /month +  Incentives",6,https://internshala.com//internship/details/angularjs-development-internship-in-multiple-locations-at-gateway-software-solutions1715946244
Full Stack API Automation Engineer,Systemic Altruism,Work from home,"₹ 12,500 /month",3,https://internshala.com//internship/details/work-from-home-full-stack-api-automation-engineer-internship-at-systemic-altruism1715946057
MERN/Python Developer,Systemic Altruism,Work from home,"₹ 12,500 /month",6,https://internshala.com//internship/details/work-from-home-mern-python-developer-internship-at-systemic-altruism1715945839
Java Development,Gateway Software Solutions,"Chennai, Coimbatore, Madurai","₹ 3,000 /month +  Incentives",6,https://internshala.com//internship/details/java-development-internship-in-multiple-locations-at-gateway-software-solutions1715945610
PHP Development,Onlighten Media,Work from home,"₹ 2,000-5,000 /month",6,https://internshala.com//internship/details/work-from-home-php-development-internship-at-onlighten-media1715945457
Full Stack Blockchain Developer,Systemic Altruism,Work from home,"₹ 12,500 /month",3,https://internshala.com//internship/details/work-from-home-full-stack-blockchain-developer-internship-at-systemic-altruism1715944739
Front End Development,Onlighten Media,Work from home,"₹ 2,000-3,000 /month",2,https://internshala.com//internship/details/work-from-home-front-end-development-internship-at-onlighten-media1715944466
Full Stack Development,Quantum IT Innovation,Work from home,"₹ 8,000-10,000 /month",6,https://internshala.com//internship/details/work-from-home-full-stack-development-internship-at-quantum-it-innovation1715934766
Flutter Development,Quantum IT Innovation,Work from home,"₹ 8,000-10,000 /month",6,https://internshala.com//internship/details/work-from-home-flutter-development-internship-at-quantum-it-innovation1715934375
Flutter Development,Engaze,Mumbai,"₹ 5,000-15,000 /month",3,https://internshala.com//internship/details/flutter-development-internship-in-mumbai-at-engaze1715929589
Front End Development,Quantum IT Innovation,Work from home,"₹ 8,000-10,000 /month",6,https://internshala.com//internship/details/work-from-home-front-end-development-internship-at-quantum-it-innovation1715929270
Front End Development,Vigorous Healthtech Private Limited,Jaipur,"₹ 6,000 /month",6,https://internshala.com//internship/details/front-end-development-internship-in-jaipur-at-vigorous-healthtech-private-limited1715925374
WordPress Development,Webcap Technology,Mumbai,"₹ 5,000 /month",3,https://internshala.com//internship/details/wordpress-development-internship-in-mumbai-at-webcap-technology1715922711
Web Designer,Vestaso,Work from home,"₹ 10,000-18,000 /month",3,https://internshala.com//internship/details/work-from-home-web-designer-internship-at-vestaso1715922182
Python Development,AI Certs,Work from home,"₹ 10,000 /month",6,https://internshala.com//internship/details/work-from-home-python-development-internship-at-ai-certs1715895039
Flutter Development,AI Certs,Work from home,"₹ 10,000 /month",6,https://internshala.com//internship/details/work-from-home-flutter-development-internship-at-ai-certs1715894921
Node.js Development,AI Certs,Work from home,"₹ 10,000 /month",6,https://internshala.com//internship/details/work-from-home-nodejs-development-internship-at-ai-certs1715893565
WordPress Development,AI Certs,Work from home,"₹ 10,000 /month",6,https://internshala.com//internship/details/work-from-home-wordpress-development-internship-at-ai-certs1715893127
Full Stack Development,Megaminds IT Services,Work from home,"₹ 6,000-8,000 /month",6,https://internshala.com//internship/details/work-from-home-full-stack-development-internship-at-megaminds-it-services1715854370
Backend Development,OCPL Tech (Opulentia Cresco Private Limited),Delhi,"₹ 10,000 /month",4,https://internshala.com//internship/details/backend-development-internship-in-delhi-at-ocpl-tech-opulentia-cresco-private-limited1715853996
Web Developer,Aadi Foundation,Work from home,Unpaid,1,https://internshala.com//internship/details/work-from-home-part-time-web-developer-internship-at-aadi-foundation1715848124
Web Development,Indica,Delhi,"₹ 15,000 /month",6,https://internshala.com//internship/details/web-development-internship-in-delhi-at-indica1715845733
Blockchain Development,Reveation Labs,Work from home,"₹ 7,000 /month",6,https://internshala.com//internship/details/work-from-home-blockchain-development-internship-at-reveation-labs1715845691
WordPress Development,Bizwit Research & Consulting LLP,Indore,"₹ 3,000 /month",2,https://internshala.com//internship/details/wordpress-development-internship-in-indore-at-bizwit-research-consulting-llp1715844517
Full Stack Development,Alluvium IoT Solutions Private Limited,Ahmedabad,"₹ 15,000 /month",6,https://internshala.com//internship/details/full-stack-development-internship-in-ahmedabad-at-alluvium-iot-solutions-private-limited1715842976
Full Stack Development,Interactive Digitalmedia (IDM) Private Limited,Bangalore,"₹ 20,000-30,000 /month",3,https://internshala.com//internship/details/full-stack-development-internship-in-bangalore-at-interactive-digitalmedia-idm-private-limited1715842635
Blockchain Development,Reveation Labs,Work from home,"₹ 7,000 /month",6,https://internshala.com//internship/details/work-from-home-blockchain-development-internship-at-reveation-labs1715842305
Flutter Developer,Mobitech Industries LLP,Mumbai,"₹ 10,000 /month",3,https://internshala.com//internship/details/flutter-developer-internship-in-mumbai-at-mobitech-industries-llp1715842114
Blockchain Development,Sharcon Infrastructure Private Limited,Mumbai,"₹ 5,000-10,000 /month",6,https://internshala.com//internship/details/blockchain-development-internship-in-mumbai-at-sharcon-infrastructure-private-limited1715842023
Web Development,Modgenics Technology Solutions Private Limited,Work from home,"₹ 10,000-15,000 /month",6,https://internshala.com//internship/details/work-from-home-web-development-internship-at-modgenics-technology-solutions-private-limited1715840783
IT Content Creations,BrandMBG,Work from home,"₹ 6,000 /month",6,https://internshala.com//internship/details/work-from-home-it-content-creations-internship-at-brandmbg1715841258
WordPress Development,Heliverse,Work from home,"₹ 5,000-12,000 /month",4,https://internshala.com//internship/details/work-from-home-wordpress-development-internship-at-heliverse1715837042
React Native Developer,Tensorblue,Work from home,"₹ 10,000 /month",6,https://internshala.com//internship/details/work-from-home-react-native-developer-internship-at-tensorblue1715836854
Technical Shopify Developer,Axe Consultancy And Security Services LLC,Work from home,"₹ 5,000 /month",1,https://internshala.com//internship/details/work-from-home-technical-shopify-developer-internship-at-axe-consultancy-and-security-services-llc1715834314
Junior Python Developer,BinTech Group LLC,Hyderabad,"₹ 8,000 /month",3,https://internshala.com//internship/details/junior-python-developer-internship-in-hyderabad-at-bintech-group-llc1715833854
Web Development,Delkon Technologies,Bareilly,"₹ 2,000-10,000 /month",3,https://internshala.com//internship/details/web-development-internship-in-bareilly-at-delkon-technologies1715828262
Reactjs Development,Mavenpro Solutions,Kolkata,"₹ 10,000-15,000 /month",6,https://internshala.com//internship/details/reactjs-development-internship-in-kolkata-at-mavenpro-solutions1715788498
Flutter Development,Zylife Smartcare Private Limited,Delhi,"₹ 2,000 /month",3,https://internshala.com//internship/details/flutter-development-internship-in-delhi-at-zylife-smartcare-private-limited1715785907
Flutter Development,Skygoal,Hyderabad,"₹ 4,000-8,000 /month",6,https://internshala.com//internship/details/part-time-flutter-development-internship-in-hyderabad-at-skygoal1715776127
Python Full Stack Development,Blackcoffer,Work from home,"₹ 10,000-12,000 /month",6,https://internshala.com//internship/details/work-from-home-python-full-stack-development-internship-at-blackcoffer1715776776
Full Stack Development,Elearning Design Center LLC,Kolkata,"₹ 9,000-14,000 /month",3,https://internshala.com//internship/details/full-stack-development-internship-in-kolkata-at-elearning-design-center-llc1715773366
Python Development,Tensorblue,Work from home,"₹ 10,000 /month",3,https://internshala.com//internship/details/work-from-home-python-development-internship-at-tensorblue1715772699
Flutter Development,RevoltronX,Work from home,"₹ 2,000 /month",6,https://internshala.com//internship/details/work-from-home-flutter-development-internship-at-revoltronx1715771750
Blockchain Development,Avaari,"Andhra Pradesh, Delhi, Indore, Chennai, Bhubaneswar, Bhopal, Bangalore, Hyderabad, Kolkata, Pune, Gwalior West, Noida, Raipur, Mumbai, Jaipur","₹ 20,000 /month",2,https://internshala.com//internship/details/part-time-blockchain-development-internship-in-multiple-locations-at-avaari1715761405
Web Development,Avaari,"Kolkata, Pune, Ahmedabad, Chennai, Jaipur, Himachal Pradesh, Munnar, Mumbai, Kochi, Bangalore, Bhopal","₹ 20,000 /month",1,https://internshala.com//internship/details/part-time-web-development-internship-in-multiple-locations-at-avaari1715761234
Web Development,Avaari,Work from home,"₹ 15,000 /month",1,https://internshala.com//internship/details/work-from-home-web-development-internship-at-avaari1715761000
Blockchain Development,Avaari,Work from home,"₹ 18,000 /month",2,https://internshala.com//internship/details/work-from-home-blockchain-development-internship-at-avaari1715760832
Web Development,Stories Arabia FZ,Work from home,"₹ 10,000 /month",3,https://internshala.com//internship/details/work-from-home-web-development-internship-at-stories-arabia-fz1715760096
WordPress Development,Infinite Creations Private Limited,Delhi,"₹ 5,000-10,000 /month",6,https://internshala.com//internship/details/wordpress-development-internship-in-delhi-at-infinite-creations-private-limited1715754095
Flutter Web3 Developer,Blazpay Labs Corp,Work from home,"₹ 10,000-15,000 /month",3,https://internshala.com//internship/details/work-from-home-flutter-web3-developer-internship-at-blazpay-labs-corp1715748748
Backend Development,Perky,Panaji,"₹ 8,000 /month",6,https://internshala.com//internship/details/backend-development-internship-in-panaji-at-perky1715704630
Front End Development,OpenSense Labs Private Limited,Delhi,"₹ 15,000 /month",6,https://internshala.com//internship/details/front-end-development-internship-in-delhi-at-opensense-labs-private-limited1715691804
Backend Development,Guruji Astro,Jaipur,"₹ 10,000 /month",6,https://internshala.com//internship/details/backend-development-internship-in-jaipur-at-guruji-astro1715690703
Web Development,Adisri Publications Private Limited,"Delhi, Ghaziabad, Noida","₹ 10,000 /month",2,https://internshala.com//internship/details/web-development-internship-in-multiple-locations-at-adisri-publications-private-limited1715690154
Front End Development,Gobananas,Work from home,"₹ 13,000 /month",6,https://internshala.com//internship/details/work-from-home-front-end-development-internship-at-gobananas1715689990
Full Stack Development,Auctopus Technologies Private Limited,Work from home,"₹ 10,000 /month",4,https://internshala.com//internship/details/work-from-home-full-stack-development-internship-at-auctopus-technologies-private-limited1715689214
Python Instructor,Rancho Labs,Delhi,"₹ 10,000-14,000 /month",2,https://internshala.com//internship/details/python-instructor-internship-in-delhi-at-rancho-labs1715689076
Flutter Development,Kudosware,Work from home,"₹ 7,000 /month",3,https://internshala.com//internship/details/work-from-home-flutter-development-internship-at-kudosware1715687706
Course Content Creator (Python Programming),Simple Enterprises,"Kasaragod, Kozhikode, Pathanamthitta, Thiruvananthapuram, Thrissur, Malappuram, Alappuzha, Wayanad, Kollam, Kottayam, Idukki, Kochi, Ernakulam, Palakkad, Kannur","₹ 2,000 /month",2,https://internshala.com//internship/details/course-content-creator-python-programming-internship-in-multiple-locations-at-simple-enterprises1715685742
Backend Development,PlayTheory Labs,Work from home,"₹ 5,000 /month",4,https://internshala.com//internship/details/work-from-home-backend-development-internship-at-playtheory-labs1715681968
PHP Development,"Salesqueen Software Solutions (Chennai, India)","Kolkata, Mumbai, Salem, Gujrat (Pakistan), Bangalore, Hyderabad, Namakkal, Tiruchirappalli, Madurai, Pune, Coimbatore, Delhi, Chennai","₹ 2,000 /month +  Incentives",6,https://internshala.com//internship/details/php-development-internship-in-multiple-locations-at-salesqueen-software-solutions1715680693
Web Development,Atelierish Media,Kolkata,"₹ 10,000-12,000 /month",3,https://internshala.com//internship/details/web-development-internship-in-kolkata-at-atelierish-media1715679230
Reactjs Development,Kavya R G,Work from home,"₹ 10,000 /month",2,https://internshala.com//internship/details/work-from-home-part-time-reactjs-development-internship-at-kavya-r-g1715679093
Python Development,ART Abstinent Research & Technologies,Bhopal,"₹ 2,000 /month",2,https://internshala.com//internship/details/python-development-internship-in-bhopal-at-art-abstinent-research-technologies1715671137
Full Stack Development,Explified,Work from home,"₹ 5,000 /month",6,https://internshala.com//internship/details/work-from-home-part-time-full-stack-development-internship-at-explified1715673195
Shopify Development,Hardtech,Work from home,"₹ 3,000 /month",2,https://internshala.com//internship/details/work-from-home-shopify-development-internship-at-hardtech1715672781
WordPress Developer,Reflex Realty LLP,Mumbai,"₹ 5,000-8,000 /month",6,https://internshala.com//internship/details/wordpress-developer-internship-in-mumbai-at-reflex-realty-llp1715661237
Full Stack Development,Latracal Solutions Private Limited,Bangalore,"₹ 13,500 /month",2,https://internshala.com//internship/details/full-stack-development-internship-in-bangalore-at-latracal-solutions-private-limited1715657583
Java Development,AskMeOffers,Work from home,"₹ 30,000 /month",3,https://internshala.com//internship/details/work-from-home-java-development-internship-at-askmeoffers1715647663
WordPress Development,Affworld,Jaipur,"₹ 5,000 /month",3,https://internshala.com//internship/details/wordpress-development-internship-in-jaipur-at-affworld1715605951
Java Development,Serv Infotech,Kolkata,"₹ 3,000-8,000 /month",4,https://internshala.com//internship/details/java-development-internship-in-kolkata-at-serv-infotech1715604243
Developer/Software Engineer,Rudram Labs,Work from home,"₹ 10,000 /month",6,https://internshala.com//internship/details/work-from-home-developer-software-engineer-internship-at-rudram-labs1715603605
Web Development,Reach Technologies,Work from home,"₹ 5,000 /month",3,https://internshala.com//internship/details/work-from-home-part-time-web-development-internship-at-reach-technologies1715601120
Reactjs Development,Jarvics Technologies,"Mohali, Fatehgarh Sahib, Rupnagar, Panchkula, Kharar, Chandigarh","₹ 7,000-12,000 /month",6,https://internshala.com//internship/details/reactjs-development-internship-in-multiple-locations-at-jarvics-technologies1715594390
Python Development,Jarvics Technologies,"Ropar, Kurali, Mohali, Kharar","₹ 7,000-12,000 /month",3,https://internshala.com//internship/details/python-development-internship-in-multiple-locations-at-jarvics-technologies1715594334
Full Stack Development,Go Digital Technology Consulting,Mumbai,"₹ 15,000 /month",2,https://internshala.com//internship/details/full-stack-development-internship-in-mumbai-at-go-digital-technology-consulting1715594240
JavaScript Development,Jarvics Technologies,"Ludhiana, Kharar, Kurali, Punjab, Mohali","₹ 7,000-12,000 /month",6,https://internshala.com//internship/details/javascript-development-internship-in-multiple-locations-at-jarvics-technologies1715594057
Node.js Development,Jarvics Technologies,"Rajpura, Mohali, Chandigarh, Patiala, Rupnagar, Punjab","₹ 7,000-12,000 /month",6,https://internshala.com//internship/details/nodejs-development-internship-in-multiple-locations-at-jarvics-technologies1715594092
Flutter Development,Jarvics Technologies,"Rajpura, Mohali, Patiala, Ludhiana, Chandigarh, Punjab, Gurdaspur","₹ 7,000-12,000 /month",6,https://internshala.com//internship/details/flutter-development-internship-in-multiple-locations-at-jarvics-technologies1715594012
PHP Development,Jarvics Technologies,"Mohali, Kharar, Panchkula, Chandigarh","₹ 7,000-12,000 /month",3,https://internshala.com//internship/details/php-development-internship-in-multiple-locations-at-jarvics-technologies1715593814
Web Developer,Vgenomics India Private Limited,Noida,"₹ 7,500 /month",6,https://internshala.com//internship/details/web-developer-internship-in-noida-at-vgenomics-india-private-limited1715593785
Full Stack Development,Jarvics Technologies,"Rupnagar, Panchkula, Chandigarh, Kharar, Mohali, Fatehgarh Sahib","₹ 10,000-20,000 /month",6,https://internshala.com//internship/details/full-stack-development-internship-in-multiple-locations-at-jarvics-technologies1715593734
Full Stack Flutter/FlutterFlow App Building,Tailor Apps,Work from home,"₹ 6,000 /month +  Incentives",2,https://internshala.com//internship/details/work-from-home-part-time-full-stack-flutter-flutterflow-app-building-internship-at-tailor-apps1715591165
Full Stack Development,Dyrect,Work from home,"₹ 5,000-8,000 /month",4,https://internshala.com//internship/details/work-from-home-full-stack-development-internship-at-dyrect1715583729
Web Development,SYSMIC,Work from home,"₹ 2,000-5,000 /month",6,https://internshala.com//internship/details/work-from-home-web-development-internship-at-sysmic1715586991
PHP Development,Minus Equals Plus,Work from home,"₹ 2,000 /month",6,https://internshala.com//internship/details/work-from-home-part-time-php-development-internship-at-minus-equals-plus1715583785
PHP Development,EKOMN INDIA PRIVATE LIMITED,Gurgaon,"₹ 7,000 /month",3,https://internshala.com//internship/details/php-development-internship-in-gurgaon-at-ekomn-india-private-limited1715583748
Flutter Development,Zemose Online LLP,Malappuram,"₹ 3,000-8,000 /month",6,https://internshala.com//internship/details/flutter-development-internship-in-malappuram-at-zemose-online-llp1715581136
PHP Development,Minus Equals Plus,North Goa,"₹ 3,000 /month",6,https://internshala.com//internship/details/part-time-php-development-internship-in-north-goa-at-minus-equals-plus1715580858
UIPATH Developer,BusyBots,Delhi,"₹ 5,000 /month",3,https://internshala.com//internship/details/uipath-developer-internship-in-delhi-at-busybots1715580850
Solidity Developer,Blazpay Labs Corp,Work from home,"₹ 10,000-15,000 /month",3,https://internshala.com//internship/details/work-from-home-solidity-developer-internship-at-blazpay-labs-corp1715577495
Vscode Extension Development,Workik,Work from home,"₹ 12,500 /month",4,https://internshala.com//internship/details/work-from-home-part-time-vscode-extension-development-internship-at-workik1715575911
Reactjs Development,Blazpay Labs Corp,Work from home,"₹ 10,000-15,000 /month",3,https://internshala.com//internship/details/work-from-home-reactjs-development-internship-at-blazpay-labs-corp1715573626
Front End Development,Rydeu Logistics UG,Work from home,"₹ 10,000-12,000 /month",6,https://internshala.com//internship/details/work-from-home-part-time-front-end-development-internship-at-rydeu-logistics-ug1715567637
WordPress Development,Gururo,Vadodara,"₹ 5,000-15,000 /month",3,https://internshala.com//internship/details/part-time-wordpress-development-internship-in-vadodara-at-gururo1715505446
Webflow (Design And CSS) Intern,Nik TheStudio,Work from home,"₹ 8,000 /month +  Incentives",1,https://internshala.com//internship/details/work-from-home-webflow-design-and-css-intern-internship-at-nik-thestudio1715504529
Web3 NodeJs Developer,Blazpay Labs Corp,Work from home,"₹ 10,000-15,000 /month",3,https://internshala.com//internship/details/work-from-home-web3-nodejs-developer-internship-at-blazpay-labs-corp1715493785
Full Stack Development,BlendNet,Work from home,"₹ 25,000 /month",3,https://internshala.com//internship/details/work-from-home-full-stack-development-internship-at-blendnet1715455235
3D UNITY DEVELOPER,Perceived Design,Bangalore,"₹ 8,000 /month",5,https://internshala.com//internship/details/3d-unity-developer-internship-in-bangalore-at-perceived-design1715435944
Full Stack Development,Offiql Technologies Private Limited,Work from home,"₹ 7,000-10,000 /month",3,https://internshala.com//internship/details/work-from-home-full-stack-development-internship-at-offiql-technologies-private-limited1715427540
WordPress Development,Stirring Minds,Delhi,"₹ 7,000 /month",6,https://internshala.com//internship/details/wordpress-development-internship-in-delhi-at-stirring-minds1715430549
Software Development,Blank Labs Private Limited,Work from home,"₹ 20,000 /month",3,https://internshala.com//internship/details/work-from-home-software-development-internship-at-blank-labs-private-limited1715428349
Python Development,Multeway,Hyderabad,"₹ 15,000-20,000 /month",4,https://internshala.com//internship/details/python-development-internship-in-hyderabad-at-multeway1715427349
PHP Developer,Cryptographic Solutions,Tiruchirappalli,"₹ 10,000-15,000 /month",3,https://internshala.com//internship/details/php-developer-internship-in-tiruchirappalli-at-cryptographic-solutions1715424588
Full Stack Development,Gateway Software Solutions,"Chennai, Coimbatore, Madurai","₹ 3,000 /month +  Incentives",6,https://internshala.com//internship/details/full-stack-development-internship-in-multiple-locations-at-gateway-software-solutions1715401373
Python Development,Conscript HR Advisors Private Limited,Work from home,"₹ 1,000 /month",2,https://internshala.com//internship/details/work-from-home-part-time-python-development-internship-at-conscript-hr-advisors-private-limited1715353073
Web Development,Eastcommerce Marketplace LLC,Work from home,"₹ 5,000 /month",6,https://internshala.com//internship/details/work-from-home-part-time-web-development-internship-at-eastcommerce-marketplace-llc1715347316
Azure Infrastructure Engineer,Makerble,Work from home,"₹ 10,000-15,000 /month",6,https://internshala.com//internship/details/work-from-home-azure-infrastructure-engineer-internship-at-makerble1715344278
Backend Development,Idea Usher,Work from home,"₹ 8,000-15,000 /month",6,https://internshala.com//internship/details/work-from-home-backend-development-internship-at-idea-usher1715336373
Reactjs Development,Idea Usher,Work from home,"₹ 10,000-15,000 /month",6,https://internshala.com//internship/details/work-from-home-reactjs-development-internship-at-idea-usher1715336352
Python Development,NatWest Group,Gurgaon,"₹ 45,000 /month",6,https://internshala.com//internship/details/python-development-internship-in-gurgaon-at-natwest-group1715331707
PHP Development,SPACE For Early Childhood Education,Work from home,Unpaid,2,https://internshala.com//internship/details/work-from-home-php-development-internship-at-space-for-early-childhood-education1715325782
Web Development,Infinite Creations Private Limited,Delhi,"₹ 5,000-10,000 /month",6,https://internshala.com//internship/details/web-development-internship-in-delhi-at-infinite-creations-private-limited1715323825
Backend Development,Fyle,Work from home,"₹ 35,000 /month",6,https://internshala.com//internship/details/work-from-home-backend-development-internship-at-fyle1715320972
Front End Development,Heliverse,Work from home,"₹ 5,000-12,000 /month",4,https://internshala.com//internship/details/work-from-home-front-end-development-internship-at-heliverse1715318421
Website Design,Endoenergy Systems Limited,Work from home,"₹ 10,000 /month",1,https://internshala.com//internship/details/work-from-home-website-design-internship-at-endoenergy-systems-limited1715258288
Web Development,Avesta Technologies,Ahmedabad,"₹ 8,500 /month",6,https://internshala.com//internship/details/web-development-internship-in-ahmedabad-at-avesta-technologies1715256153
Full Stack Development,LiftU.tech,Work from home,"₹ 10,000 /month",3,https://internshala.com//internship/details/work-from-home-full-stack-development-internship-at-liftutech1715248876
DSA & MERN Mentor,Codefeast,Work from home,"₹ 1,000 /month +  Incentives",6,https://internshala.com//internship/details/work-from-home-part-time-dsa-mern-mentor-internship-at-codefeast1715144557
Full Stack Development,PlayTheory Labs,Work from home,"₹ 5,000 /month",4,https://internshala.com//internship/details/work-from-home-full-stack-development-internship-at-playtheory-labs1715141667
Front End Development,Fyle,Work from home,"₹ 35,000 /month",6,https://internshala.com//internship/details/work-from-home-front-end-development-internship-at-fyle1715068780
WordPress Development,Chimaya,Work from home,"₹ 2,000-10,000 /month",3,https://internshala.com//internship/details/work-from-home-wordpress-development-internship-at-chimaya1715062143
Python Development,Vakil Desk,Work from home,"₹ 9,000-12,000 /month",4,https://internshala.com//internship/details/work-from-home-python-development-internship-at-vakil-desk1715011736
WordPress Development,Terracon India,Mumbai,"₹ 8,000-10,000 /month",3,https://internshala.com//internship/details/wordpress-development-internship-in-mumbai-at-terracon-india1714995584
Flutter Development,Aviz Healthcare,Work from home,"₹ 2,000 /month",5,https://internshala.com//internship/details/work-from-home-flutter-development-internship-at-aviz-healthcare1714973230
Web Development,NKgonline.com,Hyderabad,"₹ 3,000 /month",6,https://internshala.com//internship/details/web-development-internship-in-hyderabad-at-nkgonlinecom1714967507
Full Stack Development,Barsaati Films,Work from home,"₹ 30,000 /month",6,https://internshala.com//internship/details/work-from-home-part-time-full-stack-development-internship-at-barsaati-films1714971292
Webflow,Systemic Altruism,Work from home,"₹ 12,500 /month",3,https://internshala.com//internship/details/work-from-home-webflow-internship-at-systemic-altruism1714716615
Web Development,Systemic Altruism,Work from home,"₹ 12,500 /month",3,https://internshala.com//internship/details/work-from-home-web-development-internship-at-systemic-altruism1714715984
AI Custom Chatbot,Systemic Altruism,Work from home,"₹ 8,000-12,500 /month",3,https://internshala.com//internship/details/work-from-home-ai-custom-chatbot-internship-at-systemic-altruism1714715696
React Native Developer,Technoculture Research,Work from home,"₹ 10,000-12,000 /month",6,https://internshala.com//internship/details/work-from-home-react-native-developer-internship-at-technoculture-research1714714514
Full Stack Development,IntelliSQR,"Noida, Delhi, Gurgaon, Faridabad","₹ 12,000 /month",2,https://internshala.com//internship/details/full-stack-development-internship-in-multiple-locations-at-intellisqr1714636624
Artificial Neural Networks,Prodyogic Technologies Private Limited,Work from home,Unpaid,6,https://internshala.com//internship/details/work-from-home-artificial-neural-networks-internship-at-prodyogic-technologies-private-limited1714640299
"Next.js, Node.js, And .NET Core API Developer",Culture Booklet,Work from home,"₹ 8,000 /month",6,https://internshala.com//internship/details/work-from-home-nextjs-nodejs-and-net-core-api-developer-internship-at-culture-booklet1714625396
Linux Deployment DevOps Solutions Architect,Culture Booklet,Work from home,"₹ 8,000 /month",1,https://internshala.com//internship/details/work-from-home-linux-deployment-devops-solutions-architect-internship-at-culture-booklet1714625358
Full Stack Development,Deepti Ranjan Das,Work from home,"₹ 6,000 /month +  Incentives",1,https://internshala.com//internship/details/work-from-home-full-stack-development-internship-at-deepti-ranjan-das1714557689
React Native Development,Alemeno,Work from home,"₹ 18,000-25,000 /month",3,https://internshala.com//internship/details/work-from-home-react-native-development-internship-at-alemeno1714550349
Reactjs Development,Alemeno,Work from home,"₹ 18,000-25,000 /month",3,https://internshala.com//internship/details/work-from-home-reactjs-development-internship-at-alemeno1714549566
Web Development,Chimaya,Work from home,"₹ 2,000-8,000 /month",3,https://internshala.com//internship/details/work-from-home-web-development-internship-at-chimaya1714547673
Reactjs Development,Resolute AI Software Private Limited,Work from home,"₹ 3,000-10,000 /month",3,https://internshala.com//internship/details/work-from-home-reactjs-development-internship-at-resolute-ai-software-private-limited1714541515
Python Development,Nik TheStudio,Work from home,"₹ 8,000 /month +  Incentives",1,https://internshala.com//internship/details/work-from-home-python-development-internship-at-nik-thestudio1714538942
Full Stack Blockchain Developer,Systemic Altruism,Work from home,"₹ 12,500 /month",3,https://internshala.com//internship/details/work-from-home-full-stack-blockchain-developer-internship-at-systemic-altruism1714385601
Flutter Development,NextEdge Labs,Work from home,"₹ 5,000 /month",6,https://internshala.com//internship/details/work-from-home-flutter-development-internship-at-nextedge-labs1714334119
Backend Development,NextEdge Labs,Work from home,"₹ 5,000 /month",6,https://internshala.com//internship/details/work-from-home-backend-development-internship-at-nextedge-labs1714333995
App Developer,Messold Technologies,Work from home,"₹ 8,000-12,000 /month",6,https://internshala.com//internship/details/work-from-home-app-developer-internship-at-messold-technologies1714129330
Full Stack Development,Webalar,Work from home,"₹ 9,500 /month",3,https://internshala.com//internship/details/work-from-home-full-stack-development-internship-at-webalar1714120562
Backend Development,"MAAI Inc (San Francisco, United States)",Work from home,"₹ 40,000 /month",2,https://internshala.com//internship/details/work-from-home-backend-development-internship-at-maai-inc1714026446
Backend Development,Clipo AI Private Limited,Work from home,"₹ 10,000-20,000 /month",2,https://internshala.com//internship/details/work-from-home-backend-development-internship-at-clipo-ai-private-limited1713851856
Full Stack Development,BrainOp Technologies Private Limited,Work from home,"₹ 8,000-10,000 /month",2,https://internshala.com//internship/details/work-from-home-full-stack-development-internship-at-brainop-technologies-private-limited1713848293
Backend Development,Acencore Technologies,Work from home,"₹ 1,000-5,000 /month",4,https://internshala.com//internship/details/work-from-home-backend-development-internship-at-acencore-technologies1713782116
Front End Development,COSGrid Systems Private Limited,Chennai,"₹ 18,000-25,000 /month",5,https://internshala.com//internship/details/front-end-development-internship-in-chennai-at-cosgrid-systems-private-limited1713768005
Online Teaching (PHP),CodingZen,Work from home,"₹ 8,000-15,000 /month",3,https://internshala.com//internship/details/work-from-home-part-time-online-teaching-php-internship-at-codingzen1713758272
Web Development,Digital Heroes,Lucknow,"₹ 5,000 /month",1,https://internshala.com//internship/details/part-time-web-development-internship-in-lucknow-at-digital-heroes1713639448
JavaScript Development,W3Dev,Noida,"₹ 10,000-12,000 /month",6,https://internshala.com//internship/details/javascript-development-internship-in-noida-at-w3dev1713603360
Chat Developer (Web Development Focus),Hygwell,Work from home,"₹ 15,000 /month",2,https://internshala.com//internship/details/work-from-home-chat-developer-web-development-focus-internship-at-hygwell1713587012
PHP Development,SYMFOR  Private Limited,Work from home,"₹ 3,000 /month",3,https://internshala.com//internship/details/work-from-home-php-development-internship-at-symfor-private-limited1713525045
Front End Development,SYMFOR  Private Limited,Work from home,"₹ 2,000 /month",3,https://internshala.com//internship/details/work-from-home-front-end-development-internship-at-symfor-private-limited1713525237
PHP Development,Zansys Technologies,Work from home,"₹ 10,000 /month",4,https://internshala.com//internship/details/work-from-home-php-development-internship-at-zansys-technologies1712827651
Python/Datascience/Javascript/Java Udemy Course Creater/Developer,Gerard Yadav,Work from home,"₹ 10,000-3,00,000 /month",6,https://internshala.com//internship/details/work-from-home-part-time-python-development-internship-at-gerard-yadav1712041263
Front End Development,Salesqueen Software Solutions,Work from home,"₹ 2,000 /month",6,https://internshala.com//internship/detail/work-from-home-front-end-development-internship-at-salesqueen-software-solutions1711962167
Web Development,WARTALAAP Media,Work from home,"₹ 1,000 /month",6,https://internshala.com//internship/detail/web-development-work-from-home-job-internship-at-wartalaap-media1634061845
